{"OShip":{"instanceID":16136},"_name":"Blue","healthMax":100.0,"health":60.0,"reloadFire":0.8999999761581421,"moveSpeedship":7.0,"ShipPos":{"x":-1.7974995374679566,"y":0.4529343247413635,"z":0.0}}