{"OShip":{"instanceID":16140},"_name":"Red","healthMax":140.0,"health":40.0,"reloadFire":1.0,"moveSpeedship":5.0,"ShipPos":{"x":0.25531890988349917,"y":-0.2725653350353241,"z":0.0}}